# BaF+ - Ne BARE momentum-transfer cross section Q1(E) -- reference data only; the tracer default is bafplus_ne_sigma_tracer.tsv (do not pass this file to --sigma-table).
# Classical Q1 = 2 pi int (1 - cos chi) b db for a Ba+-Ne proxy potential:
#   r >= 2.9 A: fit reproducing the CCSD(T)/CBS Ba+-Ne potential of Buchachenko & Viehland,
#               J. Chem. Phys. 148, 154304 (2018), Table IV (sigma0 3.254 A, Re 4.267 A,
#               De 75.0 cm^-1, C4 = alpha_Ne/2 = 1.37 a.u.);
#   r <= r_a  : ZBL universal repulsion (Ba-Ne); exponential interpolation in between.
# Columns: Q1_low / Q1_high = soft (r_a=1.2 A, ZBL x0.5) / stiff (r_a=1.8 A, ZBL x2) wall variants;
#   they coincide below ~150 K where the long-range polarization + ab initio well dominate.
# Checks: pure r^-4 limit reproduces 1.105 x Langevin; thermal average at 23 K = 1.9e-18 m^2;
#   100-500 eV lab agrees with ZBL/SRIM universal nuclear stopping to 2-15%.
# Generated by tools/cross_section/ion4.py. Units: E_cm in K (E/k_B), Q1 in m^2.
# E_cm_K	Q1_central_m2	Q1_low_m2	Q1_high_m2
1.000000e+00	1.321547e-17	1.321547e-17	1.321547e-17
1.333521e+00	1.152278e-17	1.152278e-17	1.152278e-17
1.778279e+00	1.014053e-17	1.014053e-17	1.014053e-17
2.371374e+00	8.907527e-18	8.907527e-18	8.907527e-18
3.162278e+00	7.747705e-18	7.747705e-18	7.747705e-18
4.216965e+00	6.746003e-18	6.746003e-18	6.746003e-18
5.623413e+00	5.889341e-18	5.889341e-18	5.889341e-18
7.498942e+00	5.252910e-18	5.252910e-18	5.252910e-18
1.000000e+01	4.636900e-18	4.636900e-18	4.636900e-18
1.333521e+01	3.990418e-18	3.990418e-18	3.990418e-18
1.778279e+01	3.514852e-18	3.514852e-18	3.514852e-18
2.371374e+01	3.079352e-18	3.079352e-18	3.079352e-18
3.162278e+01	2.597218e-18	2.597218e-18	2.597218e-18
4.216965e+01	2.193989e-18	2.193989e-18	2.193989e-18
5.623413e+01	1.974424e-18	1.974424e-18	1.974424e-18
7.498942e+01	1.552520e-18	1.552513e-18	1.552528e-18
1.000000e+02	1.181918e-18	1.181601e-18	1.182279e-18
1.333521e+02	8.394586e-19	8.383484e-19	8.407505e-19
1.778279e+02	6.844214e-19	6.821450e-19	6.870642e-19
2.371374e+02	5.595785e-19	5.559398e-19	5.638479e-19
3.162278e+02	4.376835e-19	4.325917e-19	4.436549e-19
4.216965e+02	3.483657e-19	3.418681e-19	3.560307e-19
5.623413e+02	2.999537e-19	2.921101e-19	3.092662e-19
7.498942e+02	2.636256e-19	2.545092e-19	2.744788e-19
1.000000e+03	2.174478e-19	2.071425e-19	2.297590e-19
1.333521e+03	1.969735e-19	1.856260e-19	2.106446e-19
1.778279e+03	1.850229e-19	1.726852e-19	1.999620e-19
2.371374e+03	1.748262e-19	1.615669e-19	1.909663e-19
3.162278e+03	1.658232e-19	1.517042e-19	1.830647e-19
4.216965e+03	1.575935e-19	1.426990e-19	1.759010e-19
5.623413e+03	1.499243e-19	1.343115e-19	1.692276e-19
7.498942e+03	1.426494e-19	1.263627e-19	1.628796e-19
1.000000e+04	1.356903e-19	1.187745e-19	1.568042e-19
1.333521e+04	1.289952e-19	1.114954e-19	1.509245e-19
1.778279e+04	1.225007e-19	1.045058e-19	1.452019e-19
2.371374e+04	1.161949e-19	9.778060e-20	1.396392e-19
3.162278e+04	1.100781e-19	9.130145e-20	1.341954e-19
4.216965e+04	1.041548e-19	8.505981e-20	1.288900e-19
5.623413e+04	9.840206e-20	7.905664e-20	1.236802e-19
7.498942e+04	9.282374e-20	7.328142e-20	1.185797e-19
1.000000e+05	8.741824e-20	6.773017e-20	1.135851e-19
1.333521e+05	8.218106e-20	6.240394e-20	1.087156e-19
1.778279e+05	7.710979e-20	5.729952e-20	1.032353e-19
2.371374e+05	7.158623e-20	5.241692e-20	9.697597e-20
3.162278e+05	6.578756e-20	4.737840e-20	8.871230e-20
4.216965e+05	5.974931e-20	4.275381e-20	7.986491e-20
5.623413e+05	5.248991e-20	3.779082e-20	7.114132e-20
7.498942e+05	4.621101e-20	3.303977e-20	6.292422e-20
1.000000e+06	4.036169e-20	2.864023e-20	5.538655e-20
